pair_id,semantic_decision,embedding_cosine,llm_judge_score,semantic_relation,manual_label,manual_notes,left_id,right_id,left_text_preview,right_text_preview
semantic_pair_001,semantic_reject,0.7261624561129723,2,partial_overlap,,,wildclaw_04_Search_Retrieval_task_2_conflicting_handling_llm_semantic_subctx_01,wildclaw_04_Search_Retrieval_task_2_conflicting_handling_llm_semantic_subctx_05,第一百三十五条　向人民法院请求保护民事权利的诉讼时效期间为二年，法律另有规定的除外。第一百三十七条　诉讼时效期间从知道或者应当知道权利被侵害时起计算。但是，从权利被侵害之日起超过二十年的，人民法院不予保护。有特殊情况的，人民法院可以延长诉讼时效期间。,第一百三十九条　在诉讼时效期间的最后六个月内，因不可抗力或者其他障碍不能行使请求权的，诉讼时效中止。从中止时效的原因消除之日起，诉讼时效期间继续计算。
semantic_pair_002,semantic_reject,0.7257481548484545,2,partial_overlap,,,wildclaw_04_Search_Retrieval_task_2_conflicting_handling_llm_semantic_subctx_02,wildclaw_04_Search_Retrieval_task_2_conflicting_handling_llm_semantic_subctx_06,第一百零六条　公民、法人违反合同或者不履行其他义务的，应当承担民事责任。第一百一十一条　当事人一方不履行合同义务或者履行合同义务不符合约定条件的，另一方有权要求履行或者采取补救措施，并有权要求赔偿损失。,第一百一十条　对承担民事责任的公民、法人需要追究行政责任的，应当追究行政责任；构成犯罪的，对公民、法人的法定代表人应当依法追究刑事责任。
semantic_pair_003,semantic_reject,0.6205169960911708,2,partial_overlap,,,wildclaw_04_Search_Retrieval_task_2_conflicting_handling_llm_semantic_subctx_02,wildclaw_04_Search_Retrieval_task_2_conflicting_handling_llm_semantic_subctx_03,第一百零六条　公民、法人违反合同或者不履行其他义务的，应当承担民事责任。第一百一十一条　当事人一方不履行合同义务或者履行合同义务不符合约定条件的，另一方有权要求履行或者采取补救措施，并有权要求赔偿损失。,第一百零八条　债务应当清偿。暂时无力偿还的，经债权人同意或者人民法院裁决，可以由债务人分期偿还。有能力偿还拒不偿还的，由人民法院判决强制偿还。
semantic_pair_004,semantic_reject,0.611464335158271,2,partial_overlap,,,wildclaw_04_Search_Retrieval_task_4_efficient_search_llm_semantic_subctx_01,wildclaw_04_Search_Retrieval_task_4_efficient_search_llm_semantic_subctx_02,Mandatory Requirements: 1. The total number of searches must not exceed 4. 2. The answer may only be based on publicly searchable webpages. 3. The answer must explicitly state: (1) the total number of searches performed; (2) the query used for each search. 4. A complete evidence chain must be provid,Output Format (Please strictly follow the format below): Total number of searches: <number> Search 1: <query> Finding: <one-sentence summary> Search 2: <query> Finding: <one-sentence summary> ... Final Answer: First introduced in version: <version> Corresponding PR: <PR number> Evidence Chain: <Evid
semantic_pair_005,semantic_reject,0.5912431369156131,2,partial_overlap,,,wildclaw_04_Search_Retrieval_task_2_conflicting_handling_llm_semantic_subctx_04,wildclaw_04_Search_Retrieval_task_2_conflicting_handling_llm_semantic_subctx_06,第一章 基本原则　为了保障公民、法人的合法的民事权益，正确调整民事关系，适应社会主义现代化建设事业发展的需要，根据宪法和我国实际情况，总结民事活动的实践经验，制定本法。,第一百一十条　对承担民事责任的公民、法人需要追究行政责任的，应当追究行政责任；构成犯罪的，对公民、法人的法定代表人应当依法追究刑事责任。
semantic_pair_006,semantic_reject,0.5378990225702432,2,partial_overlap,,,wildclaw_04_Search_Retrieval_task_2_conflicting_handling_llm_semantic_subctx_02,wildclaw_04_Search_Retrieval_task_2_conflicting_handling_llm_semantic_subctx_04,第一百零六条　公民、法人违反合同或者不履行其他义务的，应当承担民事责任。第一百一十一条　当事人一方不履行合同义务或者履行合同义务不符合约定条件的，另一方有权要求履行或者采取补救措施，并有权要求赔偿损失。,第一章 基本原则　为了保障公民、法人的合法的民事权益，正确调整民事关系，适应社会主义现代化建设事业发展的需要，根据宪法和我国实际情况，总结民事活动的实践经验，制定本法。
semantic_pair_007,semantic_reject,0.5266424076846218,2,partial_overlap,,,wildclaw_04_Search_Retrieval_task_2_conflicting_handling_llm_semantic_subctx_03,wildclaw_04_Search_Retrieval_task_2_conflicting_handling_llm_semantic_subctx_06,第一百零八条　债务应当清偿。暂时无力偿还的，经债权人同意或者人民法院裁决，可以由债务人分期偿还。有能力偿还拒不偿还的，由人民法院判决强制偿还。,第一百一十条　对承担民事责任的公民、法人需要追究行政责任的，应当追究行政责任；构成犯罪的，对公民、法人的法定代表人应当依法追究刑事责任。
semantic_pair_008,semantic_reject,0.4953702125069915,2,partial_overlap,,,wildclaw_04_Search_Retrieval_task_2_conflicting_handling_llm_semantic_subctx_01,wildclaw_04_Search_Retrieval_task_2_conflicting_handling_llm_semantic_subctx_02,第一百三十五条　向人民法院请求保护民事权利的诉讼时效期间为二年，法律另有规定的除外。第一百三十七条　诉讼时效期间从知道或者应当知道权利被侵害时起计算。但是，从权利被侵害之日起超过二十年的，人民法院不予保护。有特殊情况的，人民法院可以延长诉讼时效期间。,第一百零六条　公民、法人违反合同或者不履行其他义务的，应当承担民事责任。第一百一十一条　当事人一方不履行合同义务或者履行合同义务不符合约定条件的，另一方有权要求履行或者采取补救措施，并有权要求赔偿损失。
semantic_pair_009,semantic_reject,0.4785710369775751,2,partial_overlap,,,wildclaw_04_Search_Retrieval_task_2_conflicting_handling_llm_semantic_subctx_01,wildclaw_04_Search_Retrieval_task_2_conflicting_handling_llm_semantic_subctx_03,第一百三十五条　向人民法院请求保护民事权利的诉讼时效期间为二年，法律另有规定的除外。第一百三十七条　诉讼时效期间从知道或者应当知道权利被侵害时起计算。但是，从权利被侵害之日起超过二十年的，人民法院不予保护。有特殊情况的，人民法院可以延长诉讼时效期间。,第一百零八条　债务应当清偿。暂时无力偿还的，经债权人同意或者人民法院裁决，可以由债务人分期偿还。有能力偿还拒不偿还的，由人民法院判决强制偿还。
semantic_pair_010,semantic_reject,0.45336696917294145,2,partial_overlap,,,wildclaw_04_Search_Retrieval_task_2_conflicting_handling_llm_semantic_subctx_01,wildclaw_04_Search_Retrieval_task_2_conflicting_handling_llm_semantic_subctx_06,第一百三十五条　向人民法院请求保护民事权利的诉讼时效期间为二年，法律另有规定的除外。第一百三十七条　诉讼时效期间从知道或者应当知道权利被侵害时起计算。但是，从权利被侵害之日起超过二十年的，人民法院不予保护。有特殊情况的，人民法院可以延长诉讼时效期间。,第一百一十条　对承担民事责任的公民、法人需要追究行政责任的，应当追究行政责任；构成犯罪的，对公民、法人的法定代表人应当依法追究刑事责任。
semantic_pair_011,semantic_reject,0.43666550596101844,2,partial_overlap,,,wildclaw_04_Search_Retrieval_task_2_conflicting_handling_llm_semantic_subctx_03,wildclaw_04_Search_Retrieval_task_2_conflicting_handling_llm_semantic_subctx_05,第一百零八条　债务应当清偿。暂时无力偿还的，经债权人同意或者人民法院裁决，可以由债务人分期偿还。有能力偿还拒不偿还的，由人民法院判决强制偿还。,第一百三十九条　在诉讼时效期间的最后六个月内，因不可抗力或者其他障碍不能行使请求权的，诉讼时效中止。从中止时效的原因消除之日起，诉讼时效期间继续计算。
semantic_pair_012,semantic_reject,0.41811004609504077,2,partial_overlap,,,wildclaw_04_Search_Retrieval_task_2_conflicting_handling_llm_semantic_subctx_01,wildclaw_04_Search_Retrieval_task_2_conflicting_handling_llm_semantic_subctx_04,第一百三十五条　向人民法院请求保护民事权利的诉讼时效期间为二年，法律另有规定的除外。第一百三十七条　诉讼时效期间从知道或者应当知道权利被侵害时起计算。但是，从权利被侵害之日起超过二十年的，人民法院不予保护。有特殊情况的，人民法院可以延长诉讼时效期间。,第一章 基本原则　为了保障公民、法人的合法的民事权益，正确调整民事关系，适应社会主义现代化建设事业发展的需要，根据宪法和我国实际情况，总结民事活动的实践经验，制定本法。
semantic_pair_013,semantic_reject,0.4072054156901641,2,partial_overlap,,,wildclaw_04_Search_Retrieval_task_2_conflicting_handling_llm_semantic_subctx_02,wildclaw_04_Search_Retrieval_task_2_conflicting_handling_llm_semantic_subctx_05,第一百零六条　公民、法人违反合同或者不履行其他义务的，应当承担民事责任。第一百一十一条　当事人一方不履行合同义务或者履行合同义务不符合约定条件的，另一方有权要求履行或者采取补救措施，并有权要求赔偿损失。,第一百三十九条　在诉讼时效期间的最后六个月内，因不可抗力或者其他障碍不能行使请求权的，诉讼时效中止。从中止时效的原因消除之日起，诉讼时效期间继续计算。
semantic_pair_014,semantic_reject,0.37225038327943566,2,partial_overlap,,,wildclaw_04_Search_Retrieval_task_2_conflicting_handling_llm_semantic_subctx_03,wildclaw_04_Search_Retrieval_task_2_conflicting_handling_llm_semantic_subctx_04,第一百零八条　债务应当清偿。暂时无力偿还的，经债权人同意或者人民法院裁决，可以由债务人分期偿还。有能力偿还拒不偿还的，由人民法院判决强制偿还。,第一章 基本原则　为了保障公民、法人的合法的民事权益，正确调整民事关系，适应社会主义现代化建设事业发展的需要，根据宪法和我国实际情况，总结民事活动的实践经验，制定本法。
semantic_pair_015,semantic_reject,0.31477847663964276,2,partial_overlap,,,wildclaw_04_Search_Retrieval_task_2_conflicting_handling_llm_semantic_subctx_05,wildclaw_04_Search_Retrieval_task_2_conflicting_handling_llm_semantic_subctx_06,第一百三十九条　在诉讼时效期间的最后六个月内，因不可抗力或者其他障碍不能行使请求权的，诉讼时效中止。从中止时效的原因消除之日起，诉讼时效期间继续计算。,第一百一十条　对承担民事责任的公民、法人需要追究行政责任的，应当追究行政责任；构成犯罪的，对公民、法人的法定代表人应当依法追究刑事责任。
semantic_pair_016,semantic_reject,0.2631114856859975,2,partial_overlap,,,wildclaw_04_Search_Retrieval_task_4_efficient_search_llm_semantic_subctx_02,wildclaw_04_Search_Retrieval_task_4_efficient_search_llm_semantic_subctx_03,Output Format (Please strictly follow the format below): Total number of searches: <number> Search 1: <query> Finding: <one-sentence summary> Search 2: <query> Finding: <one-sentence summary> ... Final Answer: First introduced in version: <version> Corresponding PR: <PR number> Evidence Chain: <Evid,Question: From which Python version was `pathlib.Path.walk()` added to the standard library? Please further determine: what is the CPython GitHub Pull Request number that merged it? Please provide the final answer and output a complete evidence chain proving your conclusion.
semantic_pair_017,semantic_reject,0.25949897007372436,2,partial_overlap,,,wildclaw_04_Search_Retrieval_task_2_conflicting_handling_llm_semantic_subctx_04,wildclaw_04_Search_Retrieval_task_2_conflicting_handling_llm_semantic_subctx_05,第一章 基本原则　为了保障公民、法人的合法的民事权益，正确调整民事关系，适应社会主义现代化建设事业发展的需要，根据宪法和我国实际情况，总结民事活动的实践经验，制定本法。,第一百三十九条　在诉讼时效期间的最后六个月内，因不可抗力或者其他障碍不能行使请求权的，诉讼时效中止。从中止时效的原因消除之日起，诉讼时效期间继续计算。
semantic_pair_018,semantic_reject,0.2519542441922962,2,partial_overlap,,,wildclaw_04_Search_Retrieval_task_4_efficient_search_llm_semantic_subctx_02,wildclaw_04_Search_Retrieval_task_5_fuzzy_search_llm_semantic_subctx_01,Output Format (Please strictly follow the format below): Total number of searches: <number> Search 1: <query> Finding: <one-sentence summary> Search 2: <query> Finding: <one-sentence summary> ... Final Answer: First introduced in version: <version> Corresponding PR: <PR number> Evidence Chain: <Evid,"Help me find that paper from 2025 which was among the earlier works to transfer a DeepSeek-R1-like approach to visual perception tasks. I only remember that the first author’s last name was Liu, and their GitHub repository should have more than 2k stars."
semantic_pair_019,semantic_reject,0.2258721188873728,0,unrelated,,,wildclaw_04_Search_Retrieval_task_2_conflicting_handling_llm_semantic_subctx_05,wildclaw_04_Search_Retrieval_task_4_efficient_search_llm_semantic_subctx_01,第一百三十九条　在诉讼时效期间的最后六个月内，因不可抗力或者其他障碍不能行使请求权的，诉讼时效中止。从中止时效的原因消除之日起，诉讼时效期间继续计算。,Mandatory Requirements: 1. The total number of searches must not exceed 4. 2. The answer may only be based on publicly searchable webpages. 3. The answer must explicitly state: (1) the total number of searches performed; (2) the query used for each search. 4. A complete evidence chain must be provid
semantic_pair_020,semantic_reject,0.20399429062107216,2,partial_overlap,,,wildclaw_04_Search_Retrieval_task_4_efficient_search_llm_semantic_subctx_03,wildclaw_04_Search_Retrieval_task_5_fuzzy_search_llm_semantic_subctx_01,Question: From which Python version was `pathlib.Path.walk()` added to the standard library? Please further determine: what is the CPython GitHub Pull Request number that merged it? Please provide the final answer and output a complete evidence chain proving your conclusion.,"Help me find that paper from 2025 which was among the earlier works to transfer a DeepSeek-R1-like approach to visual perception tasks. I only remember that the first author’s last name was Liu, and their GitHub repository should have more than 2k stars."
semantic_pair_021,semantic_reject,0.19269716514683305,2,partial_overlap,,,wildclaw_04_Search_Retrieval_task_4_efficient_search_llm_semantic_subctx_01,wildclaw_04_Search_Retrieval_task_4_efficient_search_llm_semantic_subctx_03,Mandatory Requirements: 1. The total number of searches must not exceed 4. 2. The answer may only be based on publicly searchable webpages. 3. The answer must explicitly state: (1) the total number of searches performed; (2) the query used for each search. 4. A complete evidence chain must be provid,Question: From which Python version was `pathlib.Path.walk()` added to the standard library? Please further determine: what is the CPython GitHub Pull Request number that merged it? Please provide the final answer and output a complete evidence chain proving your conclusion.
semantic_pair_022,semantic_reject,0.1871584598107668,2,partial_overlap,,,wildclaw_04_Search_Retrieval_task_4_efficient_search_llm_semantic_subctx_01,wildclaw_04_Search_Retrieval_task_5_fuzzy_search_llm_semantic_subctx_01,Mandatory Requirements: 1. The total number of searches must not exceed 4. 2. The answer may only be based on publicly searchable webpages. 3. The answer must explicitly state: (1) the total number of searches performed; (2) the query used for each search. 4. A complete evidence chain must be provid,"Help me find that paper from 2025 which was among the earlier works to transfer a DeepSeek-R1-like approach to visual perception tasks. I only remember that the first author’s last name was Liu, and their GitHub repository should have more than 2k stars."
semantic_pair_023,semantic_reject,0.17811711579206652,0,unrelated,,,wildclaw_04_Search_Retrieval_task_2_conflicting_handling_llm_semantic_subctx_02,wildclaw_04_Search_Retrieval_task_4_efficient_search_llm_semantic_subctx_01,第一百零六条　公民、法人违反合同或者不履行其他义务的，应当承担民事责任。第一百一十一条　当事人一方不履行合同义务或者履行合同义务不符合约定条件的，另一方有权要求履行或者采取补救措施，并有权要求赔偿损失。,Mandatory Requirements: 1. The total number of searches must not exceed 4. 2. The answer may only be based on publicly searchable webpages. 3. The answer must explicitly state: (1) the total number of searches performed; (2) the query used for each search. 4. A complete evidence chain must be provid
semantic_pair_024,semantic_reject,0.17797029469554043,0,unrelated,,,wildclaw_04_Search_Retrieval_task_2_conflicting_handling_llm_semantic_subctx_06,wildclaw_04_Search_Retrieval_task_4_efficient_search_llm_semantic_subctx_01,第一百一十条　对承担民事责任的公民、法人需要追究行政责任的，应当追究行政责任；构成犯罪的，对公民、法人的法定代表人应当依法追究刑事责任。,Mandatory Requirements: 1. The total number of searches must not exceed 4. 2. The answer may only be based on publicly searchable webpages. 3. The answer must explicitly state: (1) the total number of searches performed; (2) the query used for each search. 4. A complete evidence chain must be provid
semantic_pair_025,semantic_reject,0.15037511652107627,0,unrelated,,,wildclaw_04_Search_Retrieval_task_2_conflicting_handling_llm_semantic_subctx_03,wildclaw_04_Search_Retrieval_task_4_efficient_search_llm_semantic_subctx_01,第一百零八条　债务应当清偿。暂时无力偿还的，经债权人同意或者人民法院裁决，可以由债务人分期偿还。有能力偿还拒不偿还的，由人民法院判决强制偿还。,Mandatory Requirements: 1. The total number of searches must not exceed 4. 2. The answer may only be based on publicly searchable webpages. 3. The answer must explicitly state: (1) the total number of searches performed; (2) the query used for each search. 4. A complete evidence chain must be provid
semantic_pair_026,semantic_reject,0.1492686579646683,0,unrelated,,,wildclaw_04_Search_Retrieval_task_2_conflicting_handling_llm_semantic_subctx_01,wildclaw_04_Search_Retrieval_task_4_efficient_search_llm_semantic_subctx_01,第一百三十五条　向人民法院请求保护民事权利的诉讼时效期间为二年，法律另有规定的除外。第一百三十七条　诉讼时效期间从知道或者应当知道权利被侵害时起计算。但是，从权利被侵害之日起超过二十年的，人民法院不予保护。有特殊情况的，人民法院可以延长诉讼时效期间。,Mandatory Requirements: 1. The total number of searches must not exceed 4. 2. The answer may only be based on publicly searchable webpages. 3. The answer must explicitly state: (1) the total number of searches performed; (2) the query used for each search. 4. A complete evidence chain must be provid
semantic_pair_027,semantic_reject,0.14625077886092328,0,unrelated,,,wildclaw_04_Search_Retrieval_task_2_conflicting_handling_llm_semantic_subctx_05,wildclaw_04_Search_Retrieval_task_4_efficient_search_llm_semantic_subctx_02,第一百三十九条　在诉讼时效期间的最后六个月内，因不可抗力或者其他障碍不能行使请求权的，诉讼时效中止。从中止时效的原因消除之日起，诉讼时效期间继续计算。,Output Format (Please strictly follow the format below): Total number of searches: <number> Search 1: <query> Finding: <one-sentence summary> Search 2: <query> Finding: <one-sentence summary> ... Final Answer: First introduced in version: <version> Corresponding PR: <PR number> Evidence Chain: <Evid
semantic_pair_028,semantic_reject,0.10320518633269198,0,unrelated,,,wildclaw_04_Search_Retrieval_task_2_conflicting_handling_llm_semantic_subctx_04,wildclaw_04_Search_Retrieval_task_4_efficient_search_llm_semantic_subctx_01,第一章 基本原则　为了保障公民、法人的合法的民事权益，正确调整民事关系，适应社会主义现代化建设事业发展的需要，根据宪法和我国实际情况，总结民事活动的实践经验，制定本法。,Mandatory Requirements: 1. The total number of searches must not exceed 4. 2. The answer may only be based on publicly searchable webpages. 3. The answer must explicitly state: (1) the total number of searches performed; (2) the query used for each search. 4. A complete evidence chain must be provid
semantic_pair_029,semantic_reject,0.09225882137233524,0,unrelated,,,wildclaw_04_Search_Retrieval_task_2_conflicting_handling_llm_semantic_subctx_05,wildclaw_04_Search_Retrieval_task_4_efficient_search_llm_semantic_subctx_03,第一百三十九条　在诉讼时效期间的最后六个月内，因不可抗力或者其他障碍不能行使请求权的，诉讼时效中止。从中止时效的原因消除之日起，诉讼时效期间继续计算。,Question: From which Python version was `pathlib.Path.walk()` added to the standard library? Please further determine: what is the CPython GitHub Pull Request number that merged it? Please provide the final answer and output a complete evidence chain proving your conclusion.
semantic_pair_030,semantic_reject,0.07571848533063018,0,unrelated,,,wildclaw_04_Search_Retrieval_task_2_conflicting_handling_llm_semantic_subctx_01,wildclaw_04_Search_Retrieval_task_4_efficient_search_llm_semantic_subctx_02,第一百三十五条　向人民法院请求保护民事权利的诉讼时效期间为二年，法律另有规定的除外。第一百三十七条　诉讼时效期间从知道或者应当知道权利被侵害时起计算。但是，从权利被侵害之日起超过二十年的，人民法院不予保护。有特殊情况的，人民法院可以延长诉讼时效期间。,Output Format (Please strictly follow the format below): Total number of searches: <number> Search 1: <query> Finding: <one-sentence summary> Search 2: <query> Finding: <one-sentence summary> ... Final Answer: First introduced in version: <version> Corresponding PR: <PR number> Evidence Chain: <Evid
semantic_pair_031,semantic_reject,0.07361528962735364,0,unrelated,,,wildclaw_04_Search_Retrieval_task_2_conflicting_handling_llm_semantic_subctx_05,wildclaw_04_Search_Retrieval_task_5_fuzzy_search_llm_semantic_subctx_01,第一百三十九条　在诉讼时效期间的最后六个月内，因不可抗力或者其他障碍不能行使请求权的，诉讼时效中止。从中止时效的原因消除之日起，诉讼时效期间继续计算。,"Help me find that paper from 2025 which was among the earlier works to transfer a DeepSeek-R1-like approach to visual perception tasks. I only remember that the first author’s last name was Liu, and their GitHub repository should have more than 2k stars."
semantic_pair_032,semantic_reject,0.07336261022893623,0,unrelated,,,wildclaw_04_Search_Retrieval_task_2_conflicting_handling_llm_semantic_subctx_01,wildclaw_04_Search_Retrieval_task_4_efficient_search_llm_semantic_subctx_03,第一百三十五条　向人民法院请求保护民事权利的诉讼时效期间为二年，法律另有规定的除外。第一百三十七条　诉讼时效期间从知道或者应当知道权利被侵害时起计算。但是，从权利被侵害之日起超过二十年的，人民法院不予保护。有特殊情况的，人民法院可以延长诉讼时效期间。,Question: From which Python version was `pathlib.Path.walk()` added to the standard library? Please further determine: what is the CPython GitHub Pull Request number that merged it? Please provide the final answer and output a complete evidence chain proving your conclusion.
semantic_pair_033,semantic_reject,0.06083895196413583,0,unrelated,,,wildclaw_04_Search_Retrieval_task_2_conflicting_handling_llm_semantic_subctx_04,wildclaw_04_Search_Retrieval_task_4_efficient_search_llm_semantic_subctx_02,第一章 基本原则　为了保障公民、法人的合法的民事权益，正确调整民事关系，适应社会主义现代化建设事业发展的需要，根据宪法和我国实际情况，总结民事活动的实践经验，制定本法。,Output Format (Please strictly follow the format below): Total number of searches: <number> Search 1: <query> Finding: <one-sentence summary> Search 2: <query> Finding: <one-sentence summary> ... Final Answer: First introduced in version: <version> Corresponding PR: <PR number> Evidence Chain: <Evid
semantic_pair_034,semantic_reject,0.05801799325485623,0,unrelated,,,wildclaw_04_Search_Retrieval_task_2_conflicting_handling_llm_semantic_subctx_06,wildclaw_04_Search_Retrieval_task_4_efficient_search_llm_semantic_subctx_02,第一百一十条　对承担民事责任的公民、法人需要追究行政责任的，应当追究行政责任；构成犯罪的，对公民、法人的法定代表人应当依法追究刑事责任。,Output Format (Please strictly follow the format below): Total number of searches: <number> Search 1: <query> Finding: <one-sentence summary> Search 2: <query> Finding: <one-sentence summary> ... Final Answer: First introduced in version: <version> Corresponding PR: <PR number> Evidence Chain: <Evid
semantic_pair_035,semantic_reject,0.048537968149161136,0,unrelated,,,wildclaw_04_Search_Retrieval_task_2_conflicting_handling_llm_semantic_subctx_01,wildclaw_04_Search_Retrieval_task_5_fuzzy_search_llm_semantic_subctx_01,第一百三十五条　向人民法院请求保护民事权利的诉讼时效期间为二年，法律另有规定的除外。第一百三十七条　诉讼时效期间从知道或者应当知道权利被侵害时起计算。但是，从权利被侵害之日起超过二十年的，人民法院不予保护。有特殊情况的，人民法院可以延长诉讼时效期间。,"Help me find that paper from 2025 which was among the earlier works to transfer a DeepSeek-R1-like approach to visual perception tasks. I only remember that the first author’s last name was Liu, and their GitHub repository should have more than 2k stars."
semantic_pair_036,semantic_reject,0.044786800089327235,0,unrelated,,,wildclaw_04_Search_Retrieval_task_2_conflicting_handling_llm_semantic_subctx_04,wildclaw_04_Search_Retrieval_task_4_efficient_search_llm_semantic_subctx_03,第一章 基本原则　为了保障公民、法人的合法的民事权益，正确调整民事关系，适应社会主义现代化建设事业发展的需要，根据宪法和我国实际情况，总结民事活动的实践经验，制定本法。,Question: From which Python version was `pathlib.Path.walk()` added to the standard library? Please further determine: what is the CPython GitHub Pull Request number that merged it? Please provide the final answer and output a complete evidence chain proving your conclusion.
semantic_pair_037,semantic_reject,0.03551467754065507,0,unrelated,,,wildclaw_04_Search_Retrieval_task_2_conflicting_handling_llm_semantic_subctx_04,wildclaw_04_Search_Retrieval_task_5_fuzzy_search_llm_semantic_subctx_01,第一章 基本原则　为了保障公民、法人的合法的民事权益，正确调整民事关系，适应社会主义现代化建设事业发展的需要，根据宪法和我国实际情况，总结民事活动的实践经验，制定本法。,"Help me find that paper from 2025 which was among the earlier works to transfer a DeepSeek-R1-like approach to visual perception tasks. I only remember that the first author’s last name was Liu, and their GitHub repository should have more than 2k stars."
semantic_pair_038,semantic_reject,0.03041884650574072,0,unrelated,,,wildclaw_04_Search_Retrieval_task_2_conflicting_handling_llm_semantic_subctx_02,wildclaw_04_Search_Retrieval_task_4_efficient_search_llm_semantic_subctx_02,第一百零六条　公民、法人违反合同或者不履行其他义务的，应当承担民事责任。第一百一十一条　当事人一方不履行合同义务或者履行合同义务不符合约定条件的，另一方有权要求履行或者采取补救措施，并有权要求赔偿损失。,Output Format (Please strictly follow the format below): Total number of searches: <number> Search 1: <query> Finding: <one-sentence summary> Search 2: <query> Finding: <one-sentence summary> ... Final Answer: First introduced in version: <version> Corresponding PR: <PR number> Evidence Chain: <Evid
semantic_pair_039,semantic_reject,0.028252181612859383,0,unrelated,,,wildclaw_04_Search_Retrieval_task_2_conflicting_handling_llm_semantic_subctx_03,wildclaw_04_Search_Retrieval_task_5_fuzzy_search_llm_semantic_subctx_01,第一百零八条　债务应当清偿。暂时无力偿还的，经债权人同意或者人民法院裁决，可以由债务人分期偿还。有能力偿还拒不偿还的，由人民法院判决强制偿还。,"Help me find that paper from 2025 which was among the earlier works to transfer a DeepSeek-R1-like approach to visual perception tasks. I only remember that the first author’s last name was Liu, and their GitHub repository should have more than 2k stars."
semantic_pair_040,semantic_reject,0.025164712426918374,0,unrelated,,,wildclaw_04_Search_Retrieval_task_2_conflicting_handling_llm_semantic_subctx_06,wildclaw_04_Search_Retrieval_task_5_fuzzy_search_llm_semantic_subctx_01,第一百一十条　对承担民事责任的公民、法人需要追究行政责任的，应当追究行政责任；构成犯罪的，对公民、法人的法定代表人应当依法追究刑事责任。,"Help me find that paper from 2025 which was among the earlier works to transfer a DeepSeek-R1-like approach to visual perception tasks. I only remember that the first author’s last name was Liu, and their GitHub repository should have more than 2k stars."
semantic_pair_041,semantic_reject,0.023195552141221966,0,unrelated,,,wildclaw_04_Search_Retrieval_task_2_conflicting_handling_llm_semantic_subctx_06,wildclaw_04_Search_Retrieval_task_4_efficient_search_llm_semantic_subctx_03,第一百一十条　对承担民事责任的公民、法人需要追究行政责任的，应当追究行政责任；构成犯罪的，对公民、法人的法定代表人应当依法追究刑事责任。,Question: From which Python version was `pathlib.Path.walk()` added to the standard library? Please further determine: what is the CPython GitHub Pull Request number that merged it? Please provide the final answer and output a complete evidence chain proving your conclusion.
semantic_pair_042,semantic_reject,0.022133139421531618,0,unrelated,,,wildclaw_04_Search_Retrieval_task_2_conflicting_handling_llm_semantic_subctx_03,wildclaw_04_Search_Retrieval_task_4_efficient_search_llm_semantic_subctx_02,第一百零八条　债务应当清偿。暂时无力偿还的，经债权人同意或者人民法院裁决，可以由债务人分期偿还。有能力偿还拒不偿还的，由人民法院判决强制偿还。,Output Format (Please strictly follow the format below): Total number of searches: <number> Search 1: <query> Finding: <one-sentence summary> Search 2: <query> Finding: <one-sentence summary> ... Final Answer: First introduced in version: <version> Corresponding PR: <PR number> Evidence Chain: <Evid
semantic_pair_043,semantic_reject,0.008261833393675429,0,unrelated,,,wildclaw_04_Search_Retrieval_task_2_conflicting_handling_llm_semantic_subctx_02,wildclaw_04_Search_Retrieval_task_5_fuzzy_search_llm_semantic_subctx_01,第一百零六条　公民、法人违反合同或者不履行其他义务的，应当承担民事责任。第一百一十一条　当事人一方不履行合同义务或者履行合同义务不符合约定条件的，另一方有权要求履行或者采取补救措施，并有权要求赔偿损失。,"Help me find that paper from 2025 which was among the earlier works to transfer a DeepSeek-R1-like approach to visual perception tasks. I only remember that the first author’s last name was Liu, and their GitHub repository should have more than 2k stars."
semantic_pair_044,semantic_reject,-0.000911905049685404,0,unrelated,,,wildclaw_04_Search_Retrieval_task_2_conflicting_handling_llm_semantic_subctx_03,wildclaw_04_Search_Retrieval_task_4_efficient_search_llm_semantic_subctx_03,第一百零八条　债务应当清偿。暂时无力偿还的，经债权人同意或者人民法院裁决，可以由债务人分期偿还。有能力偿还拒不偿还的，由人民法院判决强制偿还。,Question: From which Python version was `pathlib.Path.walk()` added to the standard library? Please further determine: what is the CPython GitHub Pull Request number that merged it? Please provide the final answer and output a complete evidence chain proving your conclusion.
semantic_pair_045,semantic_reject,-0.005518527094900502,0,unrelated,,,wildclaw_04_Search_Retrieval_task_2_conflicting_handling_llm_semantic_subctx_02,wildclaw_04_Search_Retrieval_task_4_efficient_search_llm_semantic_subctx_03,第一百零六条　公民、法人违反合同或者不履行其他义务的，应当承担民事责任。第一百一十一条　当事人一方不履行合同义务或者履行合同义务不符合约定条件的，另一方有权要求履行或者采取补救措施，并有权要求赔偿损失。,Question: From which Python version was `pathlib.Path.walk()` added to the standard library? Please further determine: what is the CPython GitHub Pull Request number that merged it? Please provide the final answer and output a complete evidence chain proving your conclusion.
